,id,text,date_extraction
0,1382357273524240391,"O üáßüá∑ √© um dos pa√≠ses com mais tempo sem aula durante a pandemia. Isso representa um retrocesso quase irrepar√°vel no processo de forma√ß√£o de crian√ßas e jovens. Por isso apoiamos a aprova√ß√£o imediata do PL 5595/20, que eleva a educa√ß√£o ao patamar de servi√ßo essencial.",2021-04-14 21:06:37.396203
1,1382345519612227586,"@zauberinluna @rogeriotomazjr Ela e o Ferreirinha, sec. de Edu Rj, s√£o da mesma laia do grupo Eleva, dona de mais das metade das escolas particulares do Rio de Janeiro. N√£o pensam na educa√ß√£o, apenas no lucro. Complicado... batata Amaral n√£o engana ningu√©m",2021-04-14 21:06:37.396203
2,1382316485054504964,"@tabataamaralsp Lemann talvez vacine sua familia e seus funcion√°rios do grupo Eleva educa√ß√£o mas e em escolas publicas como voc√™ diz no v√≠deo ? N√£o √© uma quest√£o administrativa que vai dar seguran√ßa aos professores, mas o FIM da pandemia, a VACINA√á√ÉO. Nada deveria ser votado antes +",2021-04-14 21:06:37.396203
3,1382312565263458309,"@tabataamaralsp @proftulionit Decreto em que define a educa√ß√£o como atividade essencial, de mar√ßo.

https://t.co/gpDu0t5sJB",2021-04-14 21:06:37.396203
4,1382160692657147905,Votou novamente contra a orienta√ß√£o do partido. A urg√™ncia eleva seriamente o risco de aprova√ß√£o sem qualquer debate. √â o que a lacaia da educa√ß√£o privada quer. https://t.co/vvI4RSsKRy,2021-04-14 21:06:37.396203
5,1382138359003369474,@DCM_online https://t.co/PXtha3A9c5,2021-04-14 21:06:37.396203
6,1382085288361652228,"Voc√™ sabia que existe uma guerra comercial entre grupos econ√¥micos por espa√ßo no mercado educacional brasileiro? Grupos como Cogna, Eleva Educa√ß√£o e conglomerados internacionais disputam cada mil√≠metro desse mercado em transa√ß√µes bilion√°rias.

Saiba mais: https://t.co/C7UEFLdPro https://t.co/IWcwvIKlQq",2021-04-14 21:06:37.396203
7,1381713944830742534,"Os interessados em participar do programa da Escola de Diretores Eleva, com dura√ß√£o de um ano, devem se inscrever at√© o dia 5 de maio. Confira detalhes: https://t.co/5ZwA1NDElQ

#educa√ß√£o #tecnologia #inova√ß√£o #educador21 #elevaeduca√ß√£o #escoladediretoreseleva #grupoeleva https://t.co/MCsCRYJ4Kd",2021-04-14 21:06:37.396203
8,1381607861038505984,"a√©reo que, tecido, se eleva por si: luz bal√£o.

Jo√£o Cabral de Melo Neto -- A educa√ß√£o pela pedra (1966).",2021-04-14 21:06:37.396203
9,1381238047606501380,"Desmonte do MEC + concentra√ß√£o de renda = educa√ß√£o b√°sica virando com√©rcio.

Tomar de assalto a educa√ß√£o b√°sica √© um projeto de manuten√ß√£o das hierarquias de classe. Em futuro pr√≥ximo, n√£o sobrar√£o vagas p/os mais pobres nas melhores universidades do pa√≠s. https://t.co/BLrCUTRv6z",2021-04-14 21:06:37.396203
10,1381062011358998533,"Os bilion√°rios brasileiros t√™m um interesse especial na Educa√ß√£o, por motivos √≥bvios, mas isso aumentou de forma consider√°vel em meio √† Pandemia. Algu√©m chuta porque? 
https://t.co/iO2Oz7cEXR",2021-04-14 21:06:37.396203
11,1380605454913576960,"Prazo de inscri√ß√£o para o Sisu termina nesta sexta-feira:
https://t.co/UnoBOZfhuE",2021-04-14 21:06:37.396203
12,1380578518455758857,"Sisu: inscri√ß√µes acabam nesta sexta; candidatos reclamam do modelo de ‚Äòdupla classifica√ß√£o‚Äô, que eleva nota de corte

A nota do Enem √© ranqueada em disputa por vaga nas duas op√ß√µes indicadas por um candidato.

Leia mais em:
https://t.co/WDASKDSF9w",2021-04-14 21:06:37.396203
13,1380557072153055233,"Voc√™ conhece algum profissional com bacharelado ou licenciatura que deseja ser gestor escolar? Est√£o abertas as inscri√ß√µes para o Escola de Diretores, programa do Eleva Educa√ß√£o que visa formar novos diretores. Saiba mais sobre a sele√ß√£o: https://t.co/tQ8zcHJouR https://t.co/OKWajkAtPL",2021-04-14 21:06:37.396203
14,1380554576315748352,@fadepeace https://t.co/i78Jy310Ph,2021-04-14 21:06:37.396203
15,1380528700475736064,"Sisu: inscri√É¬ß√É¬µes acabam nesta sexta; candidatos reclamam do modelo de 'dupla classifica√É¬ß√É¬£o', que ... - https://t.co/HqJcRGyx6z",2021-04-14 21:06:37.396203
16,1380528698923831298,"Sisu: inscri√É¬ß√É¬µes acabam nesta sexta; candidatos reclamam do modelo de 'dupla classifica√É¬ß√É¬£o', que ... - https://t.co/srGazZHcpi",2021-04-14 21:06:37.396203
17,1380523219099258886,"Sisu: inscri√ß√µes acabam nesta sexta; candidatos reclamam do modelo de 'dupla classifica√ß√£o', que eleva nota de corte.#G1PA https://t.co/NIwAnsri2R",2021-04-14 21:06:37.396203
18,1380513336895418371,"Eleva Educa√ß√£o inicia processo seletivo para escola de diretores 2021

https://t.co/KUQuPkBpwp https://t.co/3XU4tCXibw",2021-04-14 21:06:37.396203
19,1380490670209662978,"Instagram @ soniajacinto3 - Canal do Youtube EU CONTO - Twiter @ SoniaMa82630720
https://t.co/ileKI6lej1",2021-04-14 21:06:37.396203
20,1380470200441712640,"New post in Not√≠cias Educa√ß√£o: Sisu: inscri√ß√µes acabam nesta sexta; candidatos reclamam do modelo de 'dupla classifica√ß√£o', que eleva nota de corte

https://t.co/OLJ27pYVzs https://t.co/0RJZitpTkp",2021-04-14 21:06:37.396203
21,1380455688225308672,"Sisu: inscri√ß√µes acabam nesta sexta; candidatos reclamam do modelo de 'dupla classifica√ß√£o', que eleva nota de corte
https://t.co/R46jwpjnJz",2021-04-14 21:06:37.396203
22,1380447962556473344,"Sisu: inscri√ß√µes acabam nesta sexta; candidatos reclamam do modelo de 'dupla classifica√ß√£o', que eleva nota de corte https://t.co/F3D044LPoo via @toon778 https://t.co/JHnyJInYtI",2021-04-14 21:06:37.396203
23,1380317034307743745,"Eleva Educa√ß√£o compr√≥ la totalidad de las acciones emitidas por Somos Opera√ß√µes Escolares (SOE) en poder de Saber Servi√ßos Educacionais por USD 168,8 millones. BMA - Barbosa, M√ºssnich, Arag√£o, @MattosFilho y Spinelli Advogados apoyaron la operaci√≥n. https://t.co/qooXCh3fMN https://t.co/BDxz4zxq30",2021-04-14 21:06:37.396203
24,1379990930258853890,"√â melo dram√°tico saber que uma nota define SIM sua vida? 

O Enem salva vidas
e devia ser t√£o mais priorizado.
A educa√ß√£o eleva a empatia e s√∫plica as oportunidades.",2021-04-14 21:06:37.396203
25,1379973968715743235,"N√£o, n√£o √© uma fic√ß√£o p√≥s-apocal√≠ptica. O pa√≠s que entra para o quadro da fome √© o mesmo que eleva pessoas ao n√≠vel de milion√°rios; o pa√≠s que tira os profissionais da educa√ß√£o da prioridade na vacina√ß√£o √© o mesmo que ordena que as aulas sejam presenciais. √â um projeto genocida.",2021-04-14 21:06:37.396203
